BOARDID,TRADEDATE,SHORTNAME,SECID,NUMTRADES,VALUE,OPEN,LOW,HIGH,LEGALCLOSEPRICE,WAPRICE,CLOSE,VOLUME,MARKETPRICE2,MARKETPRICE3,ADMITTEDQUOTE,MP2VALTRD,MARKETPRICE3TRADESVALUE,ADMITTEDVALUE,WAVAL,TRADINGSESSION
TQBR,2023-03-10,АбрауДюрсо,ABRD,2725.0,60797460.0,208.5,203.5,210.5,205.0,207.5,205.0,292790.0,207.5,207.5,,60797460.0,60797460.0,,0.0,3
SMAL,2023-03-10,Система ао,AFKS,10.0,498.69,14.399,11.899,14.399,,13.287,11.899,40.0,,,,0.0,0.0,,0.0,3
TQBR,2023-03-10,Система ао,AFKS,6115.0,115987879.8,13.25,13.24,13.344,13.32,13.287,13.276,8729300.0,13.288,13.288,,99033675.5,99033675.5,,0.0,3
SMAL,2023-03-10,Аэрофлот,AFLT,1.0,138.55,27.71,27.71,27.71,,28.33,27.71,5.0,,,,0.0,0.0,,0.0,3
TQBR,2023-03-10,Аэрофлот,AFLT,8496.0,115136680.9,28.38,28.18,28.51,28.2,28.33,28.27,4064690.0,28.34,28.34,,101839407.8,101839407.8,,0.0,3
TQBR,2023-03-10,AGRO-гдр,AGRO,2454.0,23121643.6,708.0,698.0,709.8,703.4,704.0,703.4,32844.0,704.0,704.0,,23121643.6,23121643.6,,0.0,3
TQTF,2023-03-10,AKGD ETF,AKGD,828.0,2769394.54,104.14,103.12,105.5,105.42,104.84,105.42,26421.0,104.82,104.82,,2769394.54,2769394.54,,11719939.52,3
TQTF,2023-03-10,ETF AKMB,AKMB,45736.0,23533545.51,1.241,1.2408,1.2518,1.2436,1.2442,1.2426,18911660.0,1.2444,1.2444,,23533545.51,23533545.51,,13831899.78,3
TQTF,2023-03-10,ETF AKME,AKME,456.0,9038790.18,96.94,96.02,97.5,97.42,97.28,97.4,92852.0,97.34,97.34,,9038790.18,9038790.18,,30900957.54,3
TQTF,2023-03-10,AKMM ETF,AKMM,131.0,138370555.42,104.7,104.67,104.7,104.7,104.69,104.7,1321628.0,104.7,104.7,,138370555.42,138370555.42,,91786421.4,3
TQTF,2023-03-10,AKQU ETF,AKQU,3.0,21260.0,7000.0,7000.0,7170.0,7090.0,7090.0,7090.0,3.0,7160.0,7200.0,,1982420.0,928520.0,,567624.79,3
TQBR,2023-03-10,Акрон,AKRN,585.0,23945282.0,18510.0,18460.0,18576.0,18530.0,18520.0,18530.0,1293.0,18520.0,18520.0,,23945282.0,23945282.0,,0.0,3
TQTF,2023-03-10,ETF AKSC,AKSC,66.0,45750.32,51.14,48.88,51.14,49.5,50.14,49.8,915.0,,50.84,,0.0,500393.02,,54194.88,3
TQTF,2023-03-10,AKVG ETF,AKVG,67.0,80985.94,48.24,46.04,48.24,47.14,48.08,47.12,1699.0,,48.28,,0.0,506067.54,,178256.8,3
SMAL,2023-03-10,АЛРОСА ао,ALRS,26.0,8923.56,58.01,58.01,71.02,,61.4,62.0,144.0,,,,0.0,0.0,,0.0,3
TQBR,2023-03-10,АЛРОСА ао,ALRS,19047.0,270818314.4,61.35,61.0,61.74,61.43,61.4,61.55,4410790.0,61.38,61.38,,229718047.3,229718047.3,,0.0,3
SMAL,2023-03-10,АшинскийМЗ,AMEZ,4.0,5669.37,67.45,45.005,67.45,,48.755,45.005,98.0,,,,0.0,0.0,,0.0,3
TQBR,2023-03-10,АшинскийМЗ,AMEZ,2995.0,97665217.5,48.27,47.715,49.6,48.32,48.755,48.32,2003200.0,48.755,48.755,,97665217.5,97665217.5,,0.0,3
TQTF,2023-03-10,AMRB ETF,AMRB,78.0,37784.3,105.9,105.1,106.1,105.7,105.5,105.6,358.0,,105.5,,0.0,504733.8,,67258.65,3
TQTF,2023-03-10,AMRE ETF,AMRE,142.0,95043.3,74.9,74.9,76.9,76.2,76.3,76.5,1245.0,,76.2,,0.0,502566.3,,296845.72,3
TQTF,2023-03-10,AMRH ETF,AMRH,23.0,10692.5,109.4,108.3,109.4,109.3,109.1,109.4,98.0,,109.4,,0.0,500146.1,,22969.07,3
TQBR,2023-03-10,Аптеки36и6,APTK,3247.0,11519722.22,12.99,12.8,13.04,12.84,12.916,12.84,891890.0,12.916,12.916,,11519722.22,11519722.22,,0.0,3
TQBR,2023-03-10,ИНАРКТИКА,AQUA,1315.0,13664875.5,621.0,617.0,625.5,622.0,622.5,622.0,21958.0,622.5,622.5,,13664875.5,13664875.5,,0.0,3
TQBR,2023-03-10,Арсагера,ARSA,123.0,452216.0,5.62,5.49,5.62,5.49,5.53,5.49,81800.0,,5.54,,0.0,4729096.0,,0.0,3
TQBR,2023-03-10,АстрЭнСб,ASSB,38.0,92592.0,0.914,0.9,0.914,0.909,0.908,0.909,102000.0,,0.903,,0.0,500195.0,,0.0,3
TQBR,2023-03-10,Авангрд-ао,AVAN,1621.0,16089105.0,1165.0,1090.0,1165.0,1140.0,1120.0,1140.0,14389.0,1120.0,1120.0,,16089105.0,16089105.0,,0.0,3
TQBR,2023-03-10,Башнефт ао,BANE,1844.0,31974862.0,1028.0,1021.5,1040.0,1031.0,1030.0,1031.0,31037.0,1030.0,1030.0,,31974862.0,31974862.0,,0.0,3
TQBR,2023-03-10,Башнефт ап,BANEP,8980.0,162357033.0,834.0,827.5,867.0,855.0,853.0,855.0,190375.0,853.0,853.0,,162357033.0,162357033.0,,0.0,3
TQTF,2023-03-10,BCSB ETF,BCSB,289.0,659939.91,11.408,11.212,11.408,11.23,11.272,11.25,58545.0,11.274,11.274,,646232.41,646232.41,,788064.18,3
TQBR,2023-03-10,Белуга ао,BELU,37767.0,1442235503.0,3487.0,3351.0,3550.0,3380.0,3436.0,3381.0,419723.0,3443.0,3443.0,,1296111005.0,1296111005.0,,0.0,3
TQBR,2023-03-10,БашИнСв ап,BISVP,120.0,571420.0,8.84,8.75,8.96,8.89,8.87,8.89,64400.0,8.87,8.87,,571420.0,571420.0,,0.0,3
TQBR,2023-03-10,Белон ао,BLNG,5348.0,73547898.5,22.09,21.38,22.1,21.615,21.715,21.615,3386600.0,21.715,21.715,,73547898.5,73547898.5,,0.0,3
TQTF,2023-03-10,BOND ETF,BOND,59.0,600732.2,1085.2,1083.0,1085.2,1084.6,1084.4,1084.2,554.0,1084.4,1084.4,,558448.4,558448.4,,1284888.98,3
TQBR,2023-03-10,БурЗолото,BRZL,330.0,2779729.0,1135.0,1122.0,1172.0,1143.0,1148.0,1143.0,2421.0,1148.0,1148.0,,2779729.0,2779729.0,,0.0,3
TQBR,2023-03-10,БСП ао,BSPB,6437.0,96619111.5,123.01,119.52,125.36,123.81,123.78,123.81,780570.0,123.78,123.78,,96619111.5,96619111.5,,0.0,3
SMAL,2023-03-10,БСП ап,BSPBP,4.0,950.85,40.15,26.8,40.15,,28.3,26.8,28.0,,,,0.0,0.0,,0.0,3
TQBR,2023-03-10,БСП ап,BSPBP,299.0,4178330.0,28.85,28.0,29.1,28.3,28.3,28.3,147600.0,28.3,28.3,,4178330.0,4178330.0,,0.0,3
SMAL,2023-03-10,МКБ ао,CBOM,2.0,84.15,7.65,7.65,7.65,,6.902,7.65,11.0,,,,0.0,0.0,,0.0,3
TQBR,2023-03-10,МКБ ао,CBOM,15576.0,1132186119.8,6.97,6.85,6.979,6.919,6.902,6.911,164034800.0,6.902,6.902,,1128153223.9,1128153223.9,,0.0,3
TQBR,2023-03-10,РН-ЗапСиб,CHGZ,131.0,540302.0,42.2,41.6,42.6,42.2,42.0,42.2,12870.0,42.0,42.0,,540302.0,540302.0,,0.0,3
TQBR,2023-03-10,ЧКПЗ ао,CHKZ,72.0,1500080.0,12480.0,12000.0,12580.0,12160.0,12200.0,12200.0,123.0,12200.0,12200.0,,1500080.0,1500080.0,,0.0,3
TQBR,2023-03-10,СевСт-ао,CHMF,17028.0,672322938.0,1048.0,1044.6,1061.8,1053.0,1054.2,1052.2,637772.0,1054.4,1054.4,,609993835.0,609993835.0,,0.0,3
TQBR,2023-03-10,ЧМК ао,CHMK,234.0,3027225.0,5350.0,5310.0,5390.0,5325.0,5360.0,5325.0,565.0,5360.0,5360.0,,3027225.0,3027225.0,,0.0,3
TQBR,2023-03-10,CIAN-адр,CIAN,6544.0,60446624.2,431.0,426.4,445.6,438.8,437.4,438.4,138179.0,437.6,437.6,,54956219.6,54956219.6,,0.0,3
TQBR,2023-03-10,Телеграф,CNTL,12111.0,233176426.0,15.5,15.24,16.72,15.64,15.92,15.64,14645700.0,15.92,15.92,,233176426.0,233176426.0,,0.0,3
TQBR,2023-03-10,Телеграф-п,CNTLP,3532.0,58421898.0,13.62,13.4,14.1,13.6,13.8,13.6,4231000.0,13.8,13.8,,58421898.0,58421898.0,,0.0,3
TQBR,2023-03-10,ЗаводДИОД,DIOD,214.0,922756.0,9.09,9.0,9.2,9.12,9.12,9.12,101200.0,9.12,9.12,,922756.0,922756.0,,0.0,3
TQTF,2023-03-10,ETF DIVD,DIVD,143.0,771067.0,818.4,813.8,824.6,821.8,819.4,822.4,941.0,819.4,819.4,,759543.8,759543.8,,1063130.82,3
SMAL,2023-03-10,ДетскийМир,DSKY,1.0,335.5,67.1,67.1,67.1,,69.1,67.1,5.0,,,,0.0,0.0,,0.0,3
TQBR,2023-03-10,ДетскийМир,DSKY,1269.0,18723541.4,68.82,68.8,69.3,69.2,69.1,69.3,270940.0,69.1,69.1,,16305200.8,16305200.8,,0.0,3
SMAL,2023-03-10,ДЭК ао,DVEC,11.0,806.06,1.372,1.247,1.372,,1.565,1.247,644.0,,,,0.0,0.0,,0.0,3
TQBR,2023-03-10,ДЭК ао,DVEC,1158.0,10860636.0,1.598,1.545,1.598,1.553,1.565,1.553,6939000.0,1.565,1.565,,10860636.0,10860636.0,,0.0,3
TQBR,2023-03-10,ДонскЗР,DZRD,80.0,688340.0,2750.0,2640.0,2865.0,2865.0,2765.0,2865.0,249.0,2765.0,2765.0,,688340.0,688340.0,,0.0,3
TQBR,2023-03-10,ДонскЗР п,DZRDP,69.0,349470.0,2310.0,2270.0,2330.0,2310.0,2300.0,2310.0,152.0,,2300.0,,0.0,508540.0,,0.0,3
TQBR,2023-03-10,ЕвроЭлтех,EELT,172.0,392836.8,9.5,9.42,9.56,9.52,9.5,9.5,41310.0,,9.5,,0.0,524167.2,,0.0,3
TQBR,2023-03-10,Электрцинк,ELTZ,199.0,1072649.0,368.5,360.0,368.5,365.0,363.0,365.0,2953.0,363.0,363.0,,1072649.0,1072649.0,,0.0,3
TQBR,2023-03-10,ЭН+ГРУП ао,ENPG,3273.0,49744699.5,404.0,400.0,406.0,405.0,403.0,402.5,123405.0,403.5,403.5,,42646457.5,42646457.5,,0.0,3
SMAL,2023-03-10,ЭЛ5Энер ао,ENRU,5.0,5.37,0.5312,0.5312,0.5402,,0.5292,0.5402,10.0,,,,0.0,0.0,,0.0,3
TQBR,2023-03-10,ЭЛ5Энер ао,ENRU,2997.0,40508806.4,0.5062,0.5062,0.54,0.5286,0.5292,0.5286,76561000.0,0.5292,0.5292,,40508806.4,40508806.4,,0.0,3
TQTF,2023-03-10,EQMX ETF,EQMX,3150.0,18146143.0,96.3,95.95,96.7,96.3,96.35,96.15,188318.0,96.35,96.35,,16869446.75,16869446.75,,23240391.47,3
TQTF,2023-03-10,ESGE ETF,ESGE,185.0,352375.92,69.37,69.23,69.79,69.42,69.38,69.41,5079.0,,69.51,,0.0,500639.49,,496568.47,3
TQTF,2023-03-10,ESGR ETF,ESGR,11.0,33305.0,1012.0,1005.5,1014.0,1012.0,1009.0,1012.0,33.0,,1011.0,,0.0,500465.0,,116611.64,3
TQBR,2023-03-10,ETLN-гдр,ETLN,3088.0,7076261.68,53.36,52.0,53.46,52.96,53.04,52.96,133431.0,53.04,53.04,,7076261.68,7076261.68,,0.0,3
SMAL,2023-03-10,Россети,FEES,25.0,25.53,0.09196,0.09196,0.0999,,0.09174,0.0999,263.0,,,,0.0,0.0,,0.0,3
TQBR,2023-03-10,Россети,FEES,5201.0,96481714.2,0.09198,0.09036,0.0928,0.09242,0.09174,0.0918,1051680000.0,0.09172,0.09172,,77509024.2,77509024.2,,0.0,3
TQBR,2023-03-10,ДВМП ао,FESH,2049.0,45354997.0,34.81,34.47,35.0,34.67,34.76,34.58,1304800.0,34.78,34.78,,40771465.0,40771465.0,,0.0,3
TQBR,2023-03-10,FIVE-гдр,FIVE,4289.0,68546146.0,1502.0,1490.0,1508.0,1499.5,1496.5,1497.5,45797.0,1496.5,1496.5,,59820891.5,59820891.5,,0.0,3
TQBR,2023-03-10,FIXP-гдр,FIXP,2957.0,9057662.2,350.3,350.0,351.6,350.9,350.5,350.4,25839.0,350.6,350.6,,7401878.0,7401878.0,,0.0,3
SMAL,2023-03-10,Совкомфлот,FLOT,1.0,58.2,58.2,58.2,58.2,,57.75,58.2,1.0,,,,0.0,0.0,,0.0,3
TQBR,2023-03-10,Совкомфлот,FLOT,22740.0,663672441.3,57.51,56.9,58.65,57.77,57.75,57.86,11491840.0,57.76,57.76,,616017807.9,616017807.9,,0.0,3
TQTF,2023-03-10,FMRU ETF,FMRU,128.0,38947.13,7.06,6.994,7.06,7.02,7.024,7.02,5545.0,,7.098,,0.0,744341.34,,194328.98,3
TQTF,2023-03-10,FMUS ETF,FMUS,60.0,62244.09,11.405,11.15,11.405,11.195,11.205,11.25,5555.0,,11.385,,0.0,547617.7,,71302.49,3
TQBR,2023-03-10,ГАЗ ао,GAZA,457.0,5430495.0,452.0,448.0,514.0,460.0,484.0,460.0,11220.0,484.0,484.0,,5430495.0,5430495.0,,0.0,3
TQBR,2023-03-10,ГАЗ ап,GAZAP,411.0,3464045.0,344.0,324.0,353.0,342.0,338.5,342.0,10240.0,338.5,338.5,,3464045.0,3464045.0,,0.0,3
SMAL,2023-03-10,ГАЗПРОМ ао,GAZP,18.0,6080.98,159.29,159.28,160.99,,160.31,159.5,38.0,,,,0.0,0.0,,0.0,3
TQBR,2023-03-10,ГАЗПРОМ ао,GAZP,50840.0,2764175212.1,160.5,159.51,161.29,160.2,160.31,160.04,17242280.0,160.34,160.34,,2512627712.6,2512627712.6,,0.0,3
TQBR,2023-03-10,ЧеркизГ-ао,GCHE,915.0,11699613.0,2955.5,2929.0,2962.0,2942.5,2949.0,2942.5,3967.0,2949.0,2949.0,,11699613.0,11699613.0,,0.0,3
TQBR,2023-03-10,iММЦБ ао,GEMA,109.0,465872.5,831.5,831.0,845.0,833.5,839.5,841.5,555.0,,839.0,,0.0,510800.5,,0.0,3
TQBR,2023-03-10,GEMC-гдр,GEMC,1319.0,8146060.3,341.9,335.2,342.7,338.2,339.0,338.2,24032.0,339.0,339.0,,8146060.3,8146060.3,,0.0,3
TQBR,2023-03-10,GLTR-гдр,GLTR,4730.0,27958764.55,360.65,356.2,361.3,358.9,358.45,357.75,77998.0,358.45,358.45,,26211883.0,26211883.0,,0.0,3
TQBR,2023-03-10,ГМКНорНик,GMKN,8458.0,636142466.0,14550.0,14470.0,14660.0,14598.0,14558.0,14576.0,43693.0,14560.0,14560.0,,584098536.0,584098536.0,,0.0,3
TQTF,2023-03-10,GOLD ETF,GOLD,6260.0,31772894.13,1.1615,1.1522,1.17,1.1679,1.1595,1.1695,27402977.0,1.1578,1.1578,,26705718.51,26705718.51,,29092972.84,3
TQTF,2023-03-10,GPBR ETF,GPBR,129.0,43936.8,11.18,11.11,11.22,11.21,11.17,11.21,3934.0,,11.14,,0.0,500223.13,,111892.68,3
TQPI,2023-03-10,ГИТ ао,GRNT,2261.0,8621842.3,0.196,0.193,0.197,0.193,0.1945,0.193,44308300.0,0.1945,0.1945,,8621842.3,8621842.3,,0.0,3
TQTF,2023-03-10,ETF GROD,GROD,34.0,83543.5,609.0,604.5,611.0,611.0,610.0,610.5,137.0,,612.5,,0.0,1009129.0,,364522.39,3
TQBR,2023-03-10,ГТМ ао,GTRK,6257.0,75169631.5,66.35,65.65,70.45,66.1,68.1,66.1,1103650.0,68.1,68.1,,75169631.5,75169631.5,,0.0,3
TQBR,2023-03-10,iHHRU-адр,HHRU,798.0,5944322.0,1309.0,1297.0,1332.0,1308.0,1317.0,1320.0,4515.0,1317.0,1317.0,,5787512.0,5787512.0,,0.0,3
TQBR,2023-03-10,Химпром ап,HIMCP,426.0,3158943.0,11.96,11.6,12.5,11.93,12.06,12.02,261900.0,12.06,12.06,,3158943.0,3158943.0,,0.0,3
TQBR,2023-03-10,HMSG-гдр,HMSG,243.0,1271560.0,99.5,92.0,109.0,98.5,102.0,99.0,12450.0,102.0,102.0,,1271560.0,1271560.0,,0.0,3
SMAL,2023-03-10,РусГидро,HYDR,22.0,871.0,0.8,0.7749,0.8049,,0.7784,0.8049,1112.0,,,,0.0,0.0,,0.0,3
TQBR,2023-03-10,РусГидро,HYDR,3681.0,40029164.8,0.7819,0.7719,0.7842,0.7837,0.7784,0.7809,51428000.0,0.7782,0.7782,,37074438.7,37074438.7,,0.0,3
TQBR,2023-03-10,Ижсталь2ао,IGST,29.0,207782.0,4044.0,4044.0,4096.0,4064.0,4074.0,4064.0,51.0,,4080.0,,0.0,501782.0,,0.0,3
TQBR,2023-03-10,Ижсталь ап,IGSTP,79.0,829988.0,3520.0,3480.0,3520.0,3506.0,3502.0,3506.0,237.0,3502.0,3502.0,,829988.0,829988.0,,0.0,3
TQTF,2023-03-10,INFL ETF,INFL,47.0,577969.78,120.74,120.06,121.18,120.38,120.22,120.38,4808.0,120.22,120.22,,577969.78,577969.78,,497089.15,3
TQTF,2023-03-10,INGO ETF,INGO,403.0,1796324.7,112.55,112.4,112.9,112.7,112.85,112.85,15918.0,112.85,112.85,,1796324.7,1796324.7,,2786131.21,3
TQBR,2023-03-10,ИНГРАД ао,INGR,704.0,17177359.0,1813.0,1783.0,1816.0,1796.0,1795.0,1796.0,9569.0,1795.0,1795.0,,17177359.0,17177359.0,,0.0,3
TQTF,2023-03-10,INRU ETF,INRU,7.0,11945.8,102.9,102.6,103.1,102.6,103.0,102.6,116.0,,101.0,,0.0,703281.6,,117674.37,3
SMAL,2023-03-10,ИнтерРАОао,IRAO,12.0,502.92,3.41,3.368,3.495,,3.3715,3.4935,147.0,,,,0.0,0.0,,0.0,3
TQBR,2023-03-10,ИнтерРАОао,IRAO,21402.0,261852581.8,3.3875,3.359,3.39,3.375,3.3715,3.378,77669500.0,3.371,3.371,,238726235.9,238726235.9,,0.0,3
SMAL,2023-03-10,ИРКУТ-3,IRKT,1.0,252.0,63.0,63.0,63.0,,61.58,63.0,4.0,,,,0.0,0.0,,0.0,3
TQBR,2023-03-10,ИРКУТ-3,IRKT,970.0,17922020.0,61.7,61.14,62.14,61.3,61.58,61.3,291000.0,61.58,61.58,,17922020.0,17922020.0,,0.0,3
SMAL,2023-03-10,iИСКЧ ао,ISKJ,2.0,963.12,80.26,80.26,80.26,,109.0,80.26,12.0,,,,0.0,0.0,,0.0,3
TQBR,2023-03-10,iИСКЧ ао,ISKJ,11923.0,290569173.4,108.0,106.62,110.84,107.4,109.0,107.4,2665680.0,109.0,109.0,,290569173.4,290569173.4,,0.0,3
TQBR,2023-03-10,Славн-ЯНОС,JNOS,360.0,1907395.0,19.1,19.1,21.35,20.55,20.2,20.55,94400.0,20.2,20.2,,1907395.0,1907395.0,,0.0,3
TQBR,2023-03-10,Слав-ЯНОСп,JNOSP,300.0,3319110.0,12.18,11.62,12.38,12.34,12.14,12.34,273200.0,12.14,12.14,,3319110.0,3319110.0,,0.0,3
TQBR,2023-03-10,Куйбазот,KAZT,565.0,11320270.0,556.0,549.4,559.4,556.8,554.4,556.8,20420.0,554.4,554.4,,11320270.0,11320270.0,,0.0,3
SMAL,2023-03-10,Куйбазот-п,KAZTP,2.0,6560.0,656.0,656.0,656.0,,556.2,656.0,10.0,,,,0.0,0.0,,0.0,3
TQBR,2023-03-10,Куйбазот-п,KAZTP,254.0,3008086.0,558.2,550.4,562.0,556.6,556.2,556.6,5410.0,556.0,556.0,,3008086.0,3008086.0,,0.0,3
SMAL,2023-03-10,ТНСэКубань,KBSB,1.0,201.0,201.0,201.0,201.0,,200.0,201.0,1.0,,,,0.0,0.0,,0.0,3
TQBR,2023-03-10,ТНСэКубань,KBSB,19.0,119860.0,199.0,198.5,200.5,200.5,200.0,200.5,600.0,,200.5,,0.0,545630.0,,0.0,3
TQBR,2023-03-10,КамчатЭ ао,KCHE,15.0,77770.0,0.2065,0.2035,0.208,0.2055,0.2045,0.2065,380000.0,,0.2055,,0.0,507555.0,,0.0,3
TQBR,2023-03-10,КамчатЭ ап,KCHEP,9.0,85130.0,0.353,0.353,0.358,0.354,0.355,0.354,240000.0,,0.355,,0.0,500660.0,,0.0,3
TQBR,2023-03-10,КурганГКао,KGKC,65.0,171320.0,41.4,40.8,41.6,41.2,41.2,41.2,4150.0,,41.0,,0.0,505028.0,,0.0,3
TQBR,2023-03-10,КурганГКап,KGKCP,111.0,260712.0,42.8,41.4,44.0,42.2,42.4,42.2,6160.0,,42.6,,0.0,500074.0,,0.0,3
TQBR,2023-03-10,КалужскСК,KLSB,7033.0,99013229.0,18.14,17.42,18.99,17.76,18.21,17.76,5436100.0,18.21,18.21,,99013229.0,99013229.0,,0.0,3
SMAL,2023-03-10,КАМАЗ,KMAZ,3.0,918.3,141.9,105.7,142.2,,109.2,105.7,8.0,,,,0.0,0.0,,0.0,3
TQBR,2023-03-10,КАМАЗ,KMAZ,2201.0,37115660.0,109.4,108.8,109.9,109.0,109.2,109.0,339790.0,109.2,109.2,,37115660.0,37115660.0,,0.0,3
TQBR,2023-03-10,КМЗ,KMEZ,124.0,496644.0,1242.0,1227.0,1248.0,1231.0,1235.0,1231.0,402.0,,1235.0,,0.0,500364.0,,0.0,3
TQBR,2023-03-10,КосогМЗ ао,KMTZ,281.0,2898840.0,223.0,219.5,230.0,226.5,225.5,226.5,12850.0,225.5,225.5,,2898840.0,2898840.0,,0.0,3
TQBR,2023-03-10,КоршГОК ао,KOGK,4.0,165000.0,41000.0,41000.0,41400.0,41200.0,41200.0,41200.0,4.0,40200.0,41200.0,,5518400.0,534600.0,,0.0,3
TQBR,2023-03-10,СаратНПЗ,KRKN,27.0,412800.0,10500.0,10500.0,10650.0,10600.0,10600.0,10600.0,39.0,,10550.0,,0.0,507400.0,,0.0,3
TQBR,2023-03-10,СаратНПЗ-п,KRKNP,911.0,25305220.0,12900.0,12840.0,13160.0,12880.0,13000.0,12880.0,1947.0,13000.0,13000.0,,25305220.0,25305220.0,,0.0,3
TQBR,2023-03-10,ТКЗКК ап,KRKOP,88.0,677888.0,13.5,13.5,13.62,13.59,13.56,13.62,50000.0,13.56,13.56,,677888.0,677888.0,,0.0,3
TQBR,2023-03-10,КрасОкт-ао,KROT,659.0,19585940.0,1835.5,1750.0,1835.5,1778.0,1771.0,1778.0,11060.0,1771.0,1771.0,,19585940.0,19585940.0,,0.0,3
TQBR,2023-03-10,КрасОкт-1п,KROTP,387.0,5638050.0,816.5,750.0,823.0,803.0,798.5,803.0,7060.0,798.5,798.5,,5638050.0,5638050.0,,0.0,3
TQBR,2023-03-10,Красэсб ао,KRSB,198.0,1226996.0,10.08,9.6,10.4,9.98,9.94,9.98,123400.0,9.94,9.94,,1226996.0,1226996.0,,0.0,3
SMAL,2023-03-10,Красэсб ап,KRSBP,1.0,344.88,9.58,9.58,9.58,,9.8,9.58,36.0,,,,0.0,0.0,,0.0,3
TQBR,2023-03-10,Красэсб ап,KRSBP,41.0,246986.0,9.74,9.74,9.86,9.84,9.8,9.84,25200.0,,9.82,,0.0,500416.0,,0.0,3
TQBR,2023-03-10,КСБ ао,KTSB,140.0,371134.0,0.714,0.714,0.75,0.726,0.734,0.726,505000.0,,0.73,,0.0,518692.0,,0.0,3
TQBR,2023-03-10,КСБ ап,KTSBP,133.0,782205.0,0.297,0.293,0.3095,0.295,0.301,0.295,2600000.0,0.301,0.301,,782205.0,782205.0,,0.0,3
TQBR,2023-03-10,РСетКубань,KUBE,78.0,426115.0,92.4,90.0,92.8,90.4,91.4,90.4,4660.0,,91.6,,0.0,539779.0,,0.0,3
TQBR,2023-03-10,КузнецкийБ,KUZB,509.0,3665043.1,0.0306,0.02978,0.03093,0.03024,0.03041,0.03024,120540000.0,0.03041,0.03041,,3665043.1,3665043.1,,0.0,3
SMAL,2023-03-10,ОргСинт ао,KZOS,1.0,121.3,121.3,121.3,121.3,,96.2,121.3,1.0,,,,0.0,0.0,,0.0,3
TQBR,2023-03-10,ОргСинт ао,KZOS,969.0,13111026.0,97.0,95.0,97.2,96.0,96.2,96.0,136290.0,96.2,96.2,,13111026.0,13111026.0,,0.0,3
TQBR,2023-03-10,ОргСинт ап,KZOSP,6721.0,92699724.9,30.18,30.0,30.76,30.05,30.36,30.05,3052970.0,30.36,30.36,,92699724.9,92699724.9,,0.0,3
TQBR,2023-03-10,Лента ао,LENT,1401.0,10404099.5,725.0,710.5,725.0,716.0,716.0,716.0,14527.0,716.0,716.0,,10404099.5,10404099.5,,0.0,3
TQBR,2023-03-10,iФармсинтз,LIFE,2878.0,46506589.0,6.765,6.67,6.785,6.73,6.73,6.73,6907800.0,6.73,6.73,,46506589.0,46506589.0,,0.0,3
TQBR,2023-03-10,ЛУКОЙЛ,LKOH,27699.0,1682036033.5,4088.0,4035.0,4111.0,4079.5,4085.0,4085.0,411767.0,4085.0,4085.0,,1540526857.0,1540526857.0,,0.0,3
TQBR,2023-03-10,Лензолото,LNZL,3175.0,135677760.0,16410.0,16410.0,17460.0,16700.0,16880.0,16700.0,8037.0,16880.0,16880.0,,135677760.0,135677760.0,,0.0,3
TQBR,2023-03-10,Лензол. ап,LNZLP,13568.0,290300820.0,2820.0,2770.0,3005.0,2890.0,2910.0,2890.0,99841.0,2910.0,2910.0,,290300820.0,290300820.0,,0.0,3
TQBR,2023-03-10,ЛЭСК ао,LPSB,272.0,1503830.0,12.1,11.85,12.25,12.25,12.05,12.25,124800.0,12.05,12.05,,1503830.0,1503830.0,,0.0,3
TQTF,2023-03-10,LQDT ETF,LQDT,19961.0,367928645.94,1.2205,1.2204,1.2206,1.2205,1.2206,1.2206,301444456.0,1.2205,1.2205,,252578839.93,252578839.93,,331816067.55,3
SMAL,2023-03-10,РСетиЛЭ,LSNG,1.0,22.18,11.09,11.09,11.09,,11.3,11.09,2.0,,,,0.0,0.0,,0.0,3
TQBR,2023-03-10,РСетиЛЭ,LSNG,1030.0,15409005.0,11.45,11.21,11.46,11.27,11.3,11.27,1363300.0,11.3,11.3,,15409005.0,15409005.0,,0.0,3
TQBR,2023-03-10,РСетиЛЭ-п,LSNGP,1065.0,15477127.0,136.95,135.85,137.5,136.95,136.8,136.95,113130.0,136.8,136.8,,15477127.0,15477127.0,,0.0,3
TQBR,2023-03-10,ЛСР ао,LSRG,10388.0,156122133.6,496.0,491.8,509.0,501.4,502.4,501.4,310764.0,502.4,502.4,,156122133.6,156122133.6,,0.0,3
TQBR,2023-03-10,Левенгук,LVHK,8218.0,73682741.0,15.67,15.31,18.54,16.85,17.39,16.85,4236500.0,17.39,17.39,,73682741.0,73682741.0,,0.0,3
TQBR,2023-03-10,МагадЭн ао,MAGE,400.0,1885916.0,5.65,5.28,5.65,5.36,5.39,5.39,350000.0,5.39,5.39,,1885916.0,1885916.0,,0.0,3
TQBR,2023-03-10,МагадЭн ап,MAGEP,326.0,1730841.0,3.0,2.95,3.04,3.03,3.01,3.03,575500.0,3.01,3.01,,1730841.0,1730841.0,,0.0,3
SMAL,2023-03-10,ММК,MAGN,4.0,251.1,42.0,41.7,42.0,,41.775,41.7,6.0,,,,0.0,0.0,,0.0,3
TQBR,2023-03-10,ММК,MAGN,40224.0,945004945.0,41.17,41.015,42.27,42.08,41.775,42.11,22622010.0,41.745,41.745,,837287942.75,837287942.75,,0.0,3
TQBR,2023-03-10,MDMG-гдр,MDMG,1940.0,13370488.3,471.5,460.8,475.4,468.0,470.2,468.0,28433.0,470.2,470.2,,13370488.3,13370488.3,,0.0,3
TQPI,2023-03-10,МЕРИДИАН,MERF,123.0,857354.0,11.2,11.0,11.25,11.05,11.05,11.05,77650.0,11.05,11.05,,857354.0,857354.0,,0.0,3
TQBR,2023-03-10,Мегион-ао,MFGS,471.0,4100885.0,370.0,360.0,382.0,366.0,373.0,366.5,11000.0,373.0,373.0,,4100885.0,4100885.0,,0.0,3
TQBR,2023-03-10,Мегион-ап,MFGSP,86.0,499320.0,256.0,254.5,260.0,260.0,256.0,260.0,1950.0,,256.0,,0.0,501875.0,,0.0,3
TQBR,2023-03-10,Магнит ао,MGNT,15027.0,644815867.0,4540.0,4495.0,4550.0,4539.5,4522.5,4524.0,142577.0,4522.0,4522.0,,567440196.0,567440196.0,,0.0,3
TQBR,2023-03-10,МГТС-5ао,MGTS,112.0,720330.0,1890.0,1875.0,1950.0,1895.0,1910.0,1895.0,377.0,1910.0,1910.0,,720330.0,720330.0,,0.0,3
TQBR,2023-03-10,МГТС-4ап,MGTSP,1926.0,30003840.0,1360.0,1340.0,1380.0,1348.0,1358.0,1348.0,22101.0,1358.0,1358.0,,30003840.0,30003840.0,,0.0,3
TQBR,2023-03-10,ТНСэнМарЭл,MISB,78.0,446350.0,21.2,20.7,21.4,20.7,21.0,20.8,21300.0,,21.0,,0.0,503900.0,,0.0,3
TQBR,2023-03-10,ТНСэМаЭл-п,MISBP,34.0,577340.0,16.9,16.6,17.0,16.6,16.6,16.6,34700.0,16.6,16.6,,577340.0,577340.0,,0.0,3
TQTF,2023-03-10,MKBD ETF,MKBD,87.0,6117930.0,754.0,747.0,755.0,747.0,754.0,747.0,8114.0,754.0,754.0,,6117930.0,6117930.0,,1021230.69,3
SMAL,2023-03-10,МосБиржа,MOEX,48.0,13226.54,122.5,117.25,123.0,,119.07,118.0,110.0,,,,0.0,0.0,,0.0,3
TQBR,2023-03-10,МосБиржа,MOEX,116936.0,5198967854.9,123.29,116.26,123.89,117.01,119.07,117.0,43663540.0,119.59,119.59,,4133899444.9,4133899444.9,,0.0,3
SMAL,2023-03-10,РоссЦентр,MRKC,1.0,3.0,0.3,0.3,0.3,,0.2794,0.3,10.0,,,,0.0,0.0,,0.0,3
TQBR,2023-03-10,РоссЦентр,MRKC,3669.0,20133862.0,0.282,0.2774,0.2828,0.279,0.2794,0.279,72059000.0,0.2794,0.2794,,20133862.0,20133862.0,,0.0,3
TQBR,2023-03-10,Россети СК,MRKK,1053.0,4634484.6,14.7,14.4,15.2,14.62,14.72,14.62,314850.0,14.72,14.72,,4634484.6,4634484.6,,0.0,3
SMAL,2023-03-10,РСетиЦП ао,MRKP,6.0,202.89,0.2549,0.2549,0.2549,,0.2068,0.2549,796.0,,,,0.0,0.0,,0.0,3
TQBR,2023-03-10,РСетиЦП ао,MRKP,1233.0,19822502.0,0.209,0.2052,0.209,0.2062,0.2068,0.2062,95840000.0,0.2068,0.2068,,19822502.0,19822502.0,,0.0,3
SMAL,2023-03-10,РсетСиб ао,MRKS,1.0,3.57,0.3565,0.3565,0.3565,,0.3435,0.3565,10.0,,,,0.0,0.0,,0.0,3
TQBR,2023-03-10,РсетСиб ао,MRKS,11254.0,174859050.0,0.327,0.324,0.364,0.3325,0.3435,0.3325,509390000.0,0.3435,0.3435,,174859050.0,174859050.0,,0.0,3
SMAL,2023-03-10,МРСК Ур,MRKU,1.0,0.96,0.2394,0.2394,0.2394,,0.194,0.2394,4.0,,,,0.0,0.0,,0.0,3
TQBR,2023-03-10,МРСК Ур,MRKU,618.0,6447574.0,0.1928,0.1902,0.1972,0.193,0.194,0.1934,33240000.0,0.194,0.194,,6447574.0,6447574.0,,0.0,3
SMAL,2023-03-10,РсетВол ао,MRKV,9.0,0.36,0.035,0.035,0.035,,0.03205,0.035,9.0,,,,0.0,0.0,,0.0,3
TQBR,2023-03-10,РсетВол ао,MRKV,2332.0,27557123.0,0.032,0.03135,0.0329,0.03175,0.03205,0.03175,859610000.0,0.03205,0.03205,,27557123.0,27557123.0,,0.0,3
SMAL,2023-03-10,РоссЮг ао,MRKY,5.0,0.24,0.04235,0.04,0.04235,,0.0422,0.04235,6.0,,,,0.0,0.0,,0.0,3
TQBR,2023-03-10,РоссЮг ао,MRKY,4410.0,34553671.0,0.0411,0.04085,0.04385,0.0417,0.0422,0.0417,818380000.0,0.0422,0.0422,,34553671.0,34553671.0,,0.0,3
SMAL,2023-03-10,РСетиСЗ ао,MRKZ,2.0,33.05,0.03485,0.0327,0.03485,,0.0316,0.0327,1010.0,,,,0.0,0.0,,0.0,3
TQBR,2023-03-10,РСетиСЗ ао,MRKZ,1453.0,15303983.0,0.0317,0.0311,0.03205,0.03165,0.0316,0.03165,483940000.0,0.0316,0.0316,,15303983.0,15303983.0,,0.0,3
TQBR,2023-03-10,МордЭнСб,MRSB,35.0,229700.0,0.362,0.352,0.369,0.365,0.365,0.364,630000.0,,0.365,,0.0,503930.0,,0.0,3
SMAL,2023-03-10,+МосЭнерго,MSNG,3.0,6.75,2.2295,2.2295,2.2595,,2.208,2.2595,3.0,,,,0.0,0.0,,0.0,3
TQBR,2023-03-10,+МосЭнерго,MSNG,4792.0,91060236.0,2.203,2.1815,2.239,2.208,2.208,2.208,41244000.0,2.208,2.208,,91060236.0,91060236.0,,0.0,3
SMAL,2023-03-10,РСетиМР ао,MSRS,2.0,305.42,1.0045,1.0045,1.005,,1.001,1.005,304.0,,,,0.0,0.0,,0.0,3
TQBR,2023-03-10,РСетиМР ао,MSRS,574.0,4972124.5,1.0095,0.9865,1.0095,0.9995,1.001,0.9995,4966000.0,1.001,1.001,,4972124.5,4972124.5,,0.0,3
TQBR,2023-03-10,Мостотрест,MSTT,1294.0,15471330.0,168.0,165.6,170.8,168.65,169.05,168.65,91530.0,169.05,169.05,,15471330.0,15471330.0,,0.0,3
TQTF,2023-03-10,MTEK ETF,MTEK,4.0,27296.0,1442.0,1436.0,1442.0,1436.0,1436.0,1436.0,19.0,,1410.0,,0.0,501806.0,,108928.61,3
TQBR,2023-03-10,Мечел ао,MTLR,45907.0,885886967.52,135.79,134.55,141.71,140.77,138.11,140.78,6414279.0,137.55,137.55,,728846250.97,728846250.97,,0.0,3
TQBR,2023-03-10,Мечел ап,MTLRP,4264.0,118968282.0,172.5,169.35,173.2,172.35,171.75,172.3,692710.0,171.65,171.65,,100673928.5,100673928.5,,0.0,3
SMAL,2023-03-10,МТС-ао,MTSS,13.0,7703.1,257.05,256.25,257.05,,257.5,256.55,30.0,,,,0.0,0.0,,0.0,3
TQBR,2023-03-10,МТС-ао,MTSS,7381.0,215463598.5,257.05,255.2,258.8,258.0,257.5,257.7,836800.0,257.45,257.45,,196753253.0,196753253.0,,0.0,3
TQBR,2023-03-10,М.видео,MVID,3763.0,21392916.8,182.0,180.2,183.6,181.4,181.5,181.8,117876.0,181.3,181.3,,16342032.1,16342032.1,,0.0,3
TQBR,2023-03-10,iНПОНаука,NAUK,173.0,1144330.0,312.6,311.0,316.2,311.0,312.6,311.0,3660.0,312.6,312.6,,1144330.0,1144330.0,,0.0,3
TQBR,2023-03-10,НЕФАЗ,NFAZ,424.0,5088550.0,308.0,303.0,319.5,315.0,309.5,315.0,16430.0,309.5,309.5,,5088550.0,5088550.0,,0.0,3
TQBR,2023-03-10,НКХП ао,NKHP,1924.0,30320970.0,374.0,367.0,387.0,372.0,376.5,372.0,80510.0,376.5,376.5,,30320970.0,30320970.0,,0.0,3
TQBR,2023-03-10,НКНХ ао,NKNC,1534.0,20267187.0,120.0,118.35,120.0,118.95,119.05,118.95,170210.0,119.05,119.05,,20267187.0,20267187.0,,0.0,3
SMAL,2023-03-10,НКНХ ап,NKNCP,3.0,801.68,90.34,87.08,90.34,,90.24,87.08,9.0,,,,0.0,0.0,,0.0,3
TQBR,2023-03-10,НКНХ ап,NKNCP,2063.0,35540795.8,90.0,89.32,90.9,89.82,90.24,89.82,393810.0,90.24,90.24,,35540795.8,35540795.8,,0.0,3
TQBR,2023-03-10,Нижкамшина,NKSH,619.0,6423778.0,24.98,24.78,26.5,25.18,25.58,25.1,251100.0,25.58,25.58,,6423778.0,6423778.0,,0.0,3
SMAL,2023-03-10,НЛМК ао,NLMK,7.0,2910.64,124.12,124.12,127.64,,126.62,127.62,23.0,,,,0.0,0.0,,0.0,3
TQBR,2023-03-10,НЛМК ао,NLMK,10476.0,336862828.6,125.9,125.4,127.2,127.0,126.62,126.64,2660590.0,126.6,126.6,,296247234.6,296247234.6,,0.0,3
SMAL,2023-03-10,НМТП ао,NMTP,12.0,257.98,5.985,5.91,6.19,,6.235,6.17,43.0,,,,0.0,0.0,,0.0,3
TQBR,2023-03-10,НМТП ао,NMTP,23950.0,498214484.0,6.04,5.87,6.405,6.1,6.235,6.1,79879700.0,6.235,6.235,,498214484.0,498214484.0,,0.0,3
TQBR,2023-03-10,ТНСэнНН ао,NNSB,29.0,110920.0,2210.0,2205.0,2230.0,2210.0,2220.0,2210.0,50.0,,2230.0,,0.0,504130.0,,0.0,3
TQBR,2023-03-10,ТНСэнНН ап,NNSBP,51.0,116893.0,677.0,675.0,709.0,685.0,692.0,685.0,169.0,,681.0,,0.0,501011.0,,0.0,3
TQBR,2023-03-10,iНаукаСвяз,NSVZ,930.0,11317065.0,255.5,249.0,259.0,252.0,253.5,252.0,44670.0,253.5,253.5,,11317065.0,11317065.0,,0.0,3
TQBR,2023-03-10,Новатэк ао,NVTK,35708.0,1569216355.4,1070.2,1058.2,1084.2,1070.0,1068.8,1064.0,1468154.0,1069.2,1069.2,,1438353913.2,1438353913.2,,0.0,3
TQTF,2023-03-10,OBLG ETF,OBLG,1068.0,50996486.62,134.42,134.42,135.44,135.02,134.96,135.1,377837.0,134.96,134.96,,50737288.96,50737288.96,,15041122.79,3
TQPI,2023-03-10,Медиахолд,ODVA,173.0,622597.0,0.109,0.1056,0.11,0.1088,0.1082,0.1088,5753000.0,0.1082,0.1082,,622597.0,622597.0,,0.0,3
SMAL,2023-03-10,ОГК-2 ао,OGKB,35.0,30.75,0.625,0.625,0.6274,,0.6237,0.625,49.0,,,,0.0,0.0,,0.0,3
TQBR,2023-03-10,ОГК-2 ао,OGKB,4602.0,45654514.6,0.6281,0.6203,0.6284,0.622,0.6237,0.6225,73195000.0,0.6239,0.6239,,38622030.7,38622030.7,,0.0,3
TQBR,2023-03-10,OKEY-гдр,OKEY,12620.0,96192521.3,27.99,27.0,29.42,27.55,28.19,27.55,3412240.0,28.19,28.19,,96192521.3,96192521.3,,0.0,3
TQBR,2023-03-10,ОМЗ-ап,OMZZP,7.0,67945.0,6825.0,6750.0,6825.0,6755.0,6795.0,6750.0,10.0,,6825.0,,0.0,504885.0,,0.0,3
TQTF,2023-03-10,OPNB ETF,OPNB,24.0,1282853.7,98.12,98.08,98.56,98.44,98.24,98.54,13058.0,,98.16,,0.0,506453.68,,117620.58,3
TQTF,2023-03-10,OPNR ETF,OPNR,66.0,89838.38,68.8,68.78,69.38,69.06,69.06,69.34,1301.0,,68.82,,0.0,533844.16,,620677.17,3
TQPI,2023-03-10,ОРГ ао,ORUP,3042.0,18215243.0,9.3,9.11,9.44,9.14,9.28,9.14,1961810.0,9.28,9.28,,18215243.0,18215243.0,,0.0,3
TQBR,2023-03-10,OZON-адр,OZON,6028.0,122252808.0,1662.0,1646.0,1672.5,1660.5,1659.5,1659.0,73673.0,1659.5,1659.5,,106935190.0,106935190.0,,0.0,3
TQBR,2023-03-10,ПавлАвт ао,PAZA,26.0,217980.0,6420.0,6380.0,6500.0,6460.0,6420.0,6460.0,34.0,,6460.0,,0.0,503400.0,,0.0,3
TQBR,2023-03-10,ФосАгро ао,PHOR,11661.0,546617234.0,7093.0,7028.0,7134.0,7060.0,7070.0,7041.0,77314.0,7072.0,7072.0,,484949823.0,484949823.0,,0.0,3
TQBR,2023-03-10,ПИК ао,PIKK,4729.0,93418862.5,626.0,614.6,626.4,622.8,620.2,621.0,150638.0,620.1,620.1,,87245364.8,87245364.8,,0.0,3
TQBR,2023-03-10,Полюс,PLZL,20784.0,1443666429.5,8880.0,8856.0,9041.0,9041.0,8965.0,8976.0,161038.0,8951.0,8951.0,,1010745888.0,1010745888.0,,0.0,3
TQBR,2023-03-10,ПермьЭнСб,PMSB,1210.0,14331421.0,143.0,142.4,147.0,145.0,144.8,145.0,98980.0,144.8,144.8,,14331421.0,14331421.0,,0.0,3
SMAL,2023-03-10,ПермьЭнС-п,PMSBP,2.0,293.6,146.8,146.8,146.8,,148.2,146.8,2.0,,,,0.0,0.0,,0.0,3
TQBR,2023-03-10,ПермьЭнС-п,PMSBP,360.0,2653378.0,148.4,146.2,149.8,148.2,148.2,148.6,17910.0,148.2,148.2,,2653378.0,2653378.0,,0.0,3
TQBR,2023-03-10,Polymetal,POLY,19755.0,511717884.5,507.0,504.0,510.7,510.0,507.7,508.2,1007830.0,507.5,507.5,,384571750.8,384571750.8,,0.0,3
TQBR,2023-03-10,iПозитив,POSI,10446.0,185312770.2,1675.0,1640.0,1688.2,1677.8,1677.0,1678.8,110499.0,1677.0,1677.0,,165160458.6,165160458.6,,0.0,3
TQPI,2023-03-10,ЧЗПСН ао,PRFN,3690.0,25545387.9,3.829,3.7,3.859,3.76,3.771,3.76,6773900.0,3.771,3.771,,25545387.9,25545387.9,,0.0,3
TQBR,2023-03-10,Приморье,PRMB,18.0,673200.0,32200.0,31600.0,32400.0,32400.0,32000.0,32400.0,21.0,32000.0,32000.0,,673200.0,673200.0,,0.0,3
TQBR,2023-03-10,iQIWI,QIWI,1475.0,12823841.5,467.5,462.5,473.5,471.0,467.5,468.5,27441.0,467.0,467.0,,11526665.5,11526665.5,,0.0,3
TQBR,2023-03-10,Распадская,RASP,5962.0,190952647.5,277.6,275.7,279.85,279.5,277.75,279.5,687460.0,277.75,277.75,,190952647.5,190952647.5,,0.0,3
SMAL,2023-03-10,ГК РБК ао,RBCM,3.0,39.41,3.696,3.54,3.696,,3.64,3.54,11.0,,,,0.0,0.0,,0.0,3
TQBR,2023-03-10,ГК РБК ао,RBCM,3664.0,24401634.8,3.74,3.53,3.84,3.584,3.64,3.584,6705200.0,3.64,3.64,,24401634.8,24401634.8,,0.0,3
TQTF,2023-03-10,RCGL ETF,RCGL,15.0,194931.0,1370.0,1346.0,1370.0,1360.0,1363.0,1360.0,143.0,,1353.0,,0.0,526339.0,,2234661.24,3
TQTF,2023-03-10,RCHY ETF,RCHY,36.0,179823.9,112.95,112.95,113.1,113.1,113.1,113.1,1590.0,,113.0,,0.0,792662.15,,2032015.31,3
TQTD,2023-03-10,RCMB ETF,RCMB,275.0,1147163.14,10.58,10.57,10.65,10.6,10.63,10.58,108134.0,807.0,807.0,,174352145.68,174352145.68,,260425.83,3
TQTE,2023-03-10,RCMB ETF,RCMB,30.0,24614.57,9.78,9.76,9.79,10.04,10.07,9.76,2517.0,807.0,807.0,,174352145.68,174352145.68,,246665.09,3
TQTF,2023-03-10,RCMB ETF,RCMB,351.0,85306708.5,811.0,805.0,812.0,804.5,807.0,805.0,105435.0,807.0,807.0,,174352145.68,174352145.68,,19767049.64,3
TQTF,2023-03-10,RCMM ETF,RCMM,45.0,8234686.05,114.95,114.0001,114.95,114.3608,114.3595,114.3608,72007.0,114.3595,114.3595,,8234686.05,8234686.05,,3950737.89,3
TQTF,2023-03-10,RCMX ETF,RCMX,36.0,471836.0,934.5,918.0,935.5,929.0,927.0,929.0,509.0,,928.5,,0.0,715086.0,,2015827.93,3
TQTD,2023-03-10,RCUS ETF,RCUS,451.0,2391423.68,1.219,1.202,1.222,1.211,1.218,1.202,1968200.0,92.45,92.45,,375171901.13,375171901.13,,513723.71,3
TQTF,2023-03-10,RCUS ETF,RCUS,640.0,193656147.8,94.7,90.45,94.7,91.95,92.45,91.65,2090063.0,92.45,92.45,,375171901.13,375171901.13,,38993068.14,3
TQBR,2023-03-10,РДБанк ао,RDRB,219.0,2092490.0,189.0,175.0,189.0,182.0,182.0,182.0,11510.0,182.0,182.0,,2092490.0,2092490.0,,0.0,3
TQBR,2023-03-10,Ренессанс,RENI,510.0,2705407.2,55.02,54.32,55.3,54.74,54.8,54.74,49370.0,54.8,54.8,,2705407.2,2705407.2,,0.0,3
SMAL,2023-03-10,РГС СК ао,RGSS,3.0,51.55,0.2386,0.2386,0.2502,,0.2014,0.2502,209.0,,,,0.0,0.0,,0.0,3
TQBR,2023-03-10,РГС СК ао,RGSS,3360.0,25020960.8,0.1962,0.192,0.2112,0.2008,0.2014,0.2008,124203000.0,0.2014,0.2014,,25020960.8,25020960.8,,0.0,3
TQBR,2023-03-10,ЭнергияРКК,RKKE,227.0,4951430.0,14170.0,14010.0,14250.0,14100.0,14150.0,14100.0,350.0,14150.0,14150.0,,4951430.0,4951430.0,,0.0,3
TQBR,2023-03-10,РуссНфт ао,RNFT,5842.0,44448252.3,99.8,98.5,99.8,98.8,99.0,98.8,449144.0,99.0,99.0,,44448252.3,44448252.3,,0.0,3
TQBR,2023-03-10,Русолово,ROLO,3563.0,29671881.4,0.7952,0.78,0.7991,0.7813,0.7867,0.7813,37715000.0,0.7867,0.7867,,29671881.4,29671881.4,,0.0,3
SMAL,2023-03-10,Росбанк ао,ROSB,1.0,166.8,166.8,166.8,166.8,,118.8,166.8,1.0,,,,0.0,0.0,,0.0,3
TQBR,2023-03-10,Росбанк ао,ROSB,756.0,8311986.0,119.6,117.0,119.8,118.2,118.8,118.2,69970.0,118.8,118.8,,8311986.0,8311986.0,,0.0,3
TQBR,2023-03-10,Роснефть,ROSN,39741.0,825593433.4,363.0,359.55,366.55,366.4,363.35,365.9,2272085.0,363.0,363.0,,706234097.5,706234097.5,,0.0,3
TQBR,2023-03-10,РОСИНТЕРао,ROST,443.0,3312394.0,70.0,69.0,71.6,71.0,70.6,71.0,46900.0,70.6,70.6,,3312394.0,3312394.0,,0.0,3
TQTE,2023-03-10,RQIE ETF,RQIE,8.0,171.18,9.21,9.21,9.63,9.72,9.56,9.48,18.0,,765.0,,0.0,519245.24,,27206.45,3
TQTF,2023-03-10,RQIE ETF,RQIE,25.0,42975.0,770.0,755.0,779.0,779.0,766.0,779.0,56.0,,765.0,,0.0,519245.24,,2180248.61,3
TQTD,2023-03-10,RQIU ETF,RQIU,19.0,2265.21,8.35,8.35,8.47,8.45,8.4,8.37,271.0,,637.0,,0.0,501033.87,,31799.55,3
TQTF,2023-03-10,RQIU ETF,RQIU,30.0,325250.0,640.0,637.0,649.0,641.0,637.0,637.0,509.0,,637.0,,0.0,501033.87,,2413674.82,3
TQBR,2023-03-10,ГазпРнД ао,RTGZ,316.0,11828500.0,32100.0,31600.0,37200.0,34200.0,34700.0,34400.0,341.0,34700.0,34700.0,,11828500.0,11828500.0,,0.0,3
SMAL,2023-03-10,Ростел -ао,RTKM,6.0,553.93,61.0,61.0,62.0,,58.93,62.0,9.0,,,,0.0,0.0,,0.0,3
TQBR,2023-03-10,Ростел -ао,RTKM,4033.0,35598846.0,59.15,58.56,59.17,58.83,58.93,58.85,604090.0,58.96,58.96,,27586017.9,27586017.9,,0.0,3
SMAL,2023-03-10,Ростел -ап,RTKMP,1.0,60.0,60.0,60.0,60.0,,59.35,60.0,1.0,,,,0.0,0.0,,0.0,3
TQBR,2023-03-10,Ростел -ап,RTKMP,874.0,4303493.5,59.35,59.15,59.55,59.35,59.35,59.35,72510.0,59.35,59.35,,4303493.5,4303493.5,,0.0,3
TQBR,2023-03-10,ТНСэнРст,RTSB,145.0,599688.0,0.736,0.718,0.75,0.738,0.734,0.738,817000.0,0.734,0.734,,599688.0,599688.0,,0.0,3
TQBR,2023-03-10,ТНСэнРст-п,RTSBP,155.0,858558.0,0.691,0.682,0.73,0.683,0.698,0.682,1230000.0,0.698,0.698,,858558.0,858558.0,,0.0,3
TQIF,2023-03-10,ФондПервый,RU0005418747,23.0,6829.0,154.0,152.0,157.0,156.5,155.0,157.0,44.0,,152.5,,0.0,516073.5,,176315.15,3
TQIF,2023-03-10,ФондКонс,RU0006922010,85.0,717674.1,72.6,70.5,72.7,72.3,70.9,72.4,10119.0,70.9,70.9,,717312.0,717312.0,,80771.85,3
TQIF,2023-03-10,ФондПроф,RU0006922044,27.0,109806.6,130.2,129.0,132.6,130.8,132.2,129.0,830.0,,130.2,,0.0,520856.6,,476055.58,3
TQIF,2023-03-10,АкцииРоста,RU0006922051,60.0,225495.0,299.0,290.0,305.0,297.0,298.0,297.0,757.0,,298.0,,0.0,500157.0,,276617.68,3
TQIF,2023-03-10,ПИФСбер-КН,RU000A0ERGA7,49.0,2534890.0,326.0,326.0,360.0,338.0,341.0,338.0,7430.0,341.0,341.0,,2534890.0,2534890.0,,3800236.13,3
TQIF,2023-03-10,БКСПерспек,RU000A0HF0L2,539.0,6533628.4,407.2,403.0,416.0,406.4,409.0,403.6,15972.0,409.2,409.2,,6323806.2,6323806.2,,3786820.16,3
TQIF,2023-03-10,АрсагераФА,RU000A0HGNG6,5.0,579260.0,10190.0,10150.0,10190.0,10160.0,10160.0,10150.0,57.0,10170.0,10170.0,,721890.0,721890.0,,205657.74,3
TQIF,2023-03-10,БКСXXIIвек,RU000A0JP708,225.0,990184.0,357.0,333.0,366.0,355.6,357.8,349.0,2768.0,359.4,359.4,,824304.4,824304.4,,1241954.75,3
TQIF,2023-03-10,БКС РосАкц,RU000A0JP773,343.0,15230934.0,343.0,340.5,347.0,345.0,345.0,344.0,44140.0,345.0,345.0,,15170443.5,15170443.5,,7912612.5,3
TQIF,2023-03-10,БКС Основа,RU000A0JP799,259.0,17967600.4,293.8,293.8,294.8,294.8,294.6,294.6,60980.0,294.6,294.6,,17868367.2,17868367.2,,9488659.26,3
TQIF,2023-03-10,ПИФ РВМ,RU000A0JPLG7,3.0,8150.0,90.0,90.0,95.0,90.0,90.0,90.0,90.0,,90.0,,0.0,501150.0,,25106.45,3
TQIF,2023-03-10,ГлобалИн,RU000A0JPRL4,45.0,204739.0,398.0,373.0,398.0,385.0,383.0,385.0,534.0,,387.0,,0.0,501156.0,,135099.5,3
TQIF,2023-03-10,ОПИФПрРес,RU000A0JPRP5,47.0,66695.0,152.5,150.0,156.5,156.5,154.0,156.0,433.0,,154.0,,0.0,581282.0,,312545.3,3
TQIF,2023-03-10,ПИФАкции,RU000A0JR282,15.0,9811.5,32.8,32.55,32.8,32.7,32.7,32.7,300.0,,32.9,,0.0,801013.0,,189866.91,3
TQIF,2023-03-10,ПИФИнМосБр,RU000A0JR290,7.0,87450.0,6260.0,6230.0,6275.0,6240.0,6245.0,6235.0,14.0,,6230.0,,0.0,635330.0,,302074.76,3
TQIF,2023-03-10,ПИФКазна,RU000A0JR2C1,35.0,78880.0,73.0,73.0,73.15,73.05,73.05,73.0,1080.0,,73.0,,0.0,569575.5,,887048.91,3
TQIF,2023-03-10,ПИФ АТРИУМ,RU000A0JRHC0,2.0,3000.0,1500.0,1500.0,1500.0,1500.0,1500.0,1500.0,2.0,,1480.0,,0.0,519600.0,,48498.06,3
TQIF,2023-03-10,НакопРез,RU000A0JT4S1,168.0,21363912.0,2350.0,2343.5,2353.5,2352.0,2349.5,2352.5,9093.0,2349.5,2349.5,,21363912.0,21363912.0,,16403824.58,3
TQIF,2023-03-10,ПИФ КОНСЕР,RU000A0JUR61,4.0,10250.0,1600.0,1600.0,1800.0,1750.0,1700.0,1750.0,6.0,,1650.0,,0.0,501000.0,,6916.13,3
TQIF,2023-03-10,БКСИмперия,RU000A0JVHY6,256.0,4037634.0,361.0,353.8,365.8,360.4,362.4,357.4,11142.0,362.6,362.6,,3815836.6,3815836.6,,6205211.67,3
TQIF,2023-03-10,БКСДрагМет,RU000A0JVJ29,111.0,1028414.5,191.0,185.5,193.5,191.0,191.0,190.0,5389.0,191.0,191.0,,932535.0,932535.0,,1415885.98,3
TQIF,2023-03-10,СФНАрБизн,RU000A0JWAW3,1.0,400000.0,400000.0,400000.0,400000.0,400000.0,400000.0,400000.0,1.0,410000.0,410000.0,,6110000.0,5300000.0,,443225.81,3
TQIF,2023-03-10,ЗПИФДОМ.РФ,RU000A0JXP78,5.0,11770.0,1920.0,1920.0,1970.0,1970.0,1960.0,1970.0,6.0,,1910.0,,0.0,500620.0,,21781.61,3
TQIF,2023-03-10,СоврАрБиз2,RU000A0ZYC64,1.0,250000.0,250000.0,250000.0,250000.0,250000.0,250000.0,250000.0,1.0,290000.0,250000.0,,48770000.0,4670000.0,,931290.32,3
TQIF,2023-03-10,СоврАрБиз3,RU000A0ZZ5R2,6.0,23120.0,1005.0,1005.0,1010.0,1005.0,1005.0,1005.0,23.0,1005.0,1005.0,,605620.0,535520.0,,4045986.94,3
TQIF,2023-03-10,ИПИФМирИнв,RU000A0ZZCD8,3.0,28050.0,1650.0,1650.0,1650.0,1650.0,1650.0,1650.0,17.0,1700.0,1700.0,,2929950.0,2895950.0,,1046060.32,3
TQIF,2023-03-10,ПерНакопОП,RU000A1002D0,4.0,6753.5,1351.5,1346.0,1352.0,1346.0,1350.5,1346.0,5.0,,1344.5,,0.0,859165.5,,87566.69,3
TQFD,2023-03-10,БКСФундВыб,RU000A1007R9,55.0,24413.76,16.5,16.31,16.73,16.54,16.5,16.31,1480.0,1252.12,1252.12,,1839359.38,1839359.38,,80233.44,3
TQFD,2023-03-10,БКС РосЕвр,RU000A100EQ2,9.0,1003.66,13.08,12.94,13.08,12.94,13.03,12.94,77.0,979.69,975.07,,1187388.01,551890.1,,32083.91,3
TQIF,2023-03-10,ЗПИФ ПНК,RU000A1013V9,969.0,29969287.8,2010.8,1990.0,2010.8,1993.8,1998.0,1993.8,14999.0,1998.0,1998.0,,29969287.8,29969287.8,,13100192.98,3
TQFD,2023-03-10,ЗПИФ ФПР,RU000A101NK4,11.0,1677.48,10.65,10.39,10.65,10.3,10.4,10.39,161.0,789.2,789.2,,9372235.22,9372235.22,,97519.18,3
TQIF,2023-03-10,ЗПИФ ФПР,RU000A101NK4,218.0,9338305.0,795.6,780.0,801.0,782.0,789.0,780.8,11835.0,789.2,789.2,,9372235.22,9372235.22,,7401978.5,3
TQIF,2023-03-10,ОПИФ ОФЗ,RU000A101UY0,3721.0,26052598.5,1068.5,1068.5,1069.0,1069.0,1069.0,1069.0,24371.0,1069.0,1069.0,,26052598.5,26052598.5,,7939467.83,3
TQIF,2023-03-10,ПАРУС-ОЗН,RU000A1022Z1,23.0,584053.0,6575.0,6540.0,6575.0,6569.0,6562.0,6569.0,89.0,6562.0,6562.0,,584053.0,584053.0,,4914211.55,3
TQPI,2023-03-10,ЗПИФ ВДО,RU000A1027E5,9.0,2369780.0,17100.0,17100.0,17260.0,17240.0,17180.0,17240.0,138.0,17040.0,17160.0,,6526160.0,2506740.0,,824721.29,3
TQIF,2023-03-10,ЗПИФРД,RU000A102N77,37.0,5022600.0,101650.0,100000.0,101700.0,100100.0,100450.0,100100.0,50.0,100450.0,100450.0,,5022600.0,5022600.0,,4430764.19,3
TQIF,2023-03-10,ФондсубUSD,RU000A102PE0,1.0,4550.0,4550.0,4550.0,4550.0,4550.0,4550.0,4550.0,1.0,4550.0,4550.0,,3500200.0,3500200.0,,294740.32,3
TQIF,2023-03-10,ФондСубРуб,RU000A102PQ4,1.0,11600.0,5800.0,5800.0,5800.0,5800.0,5800.0,5800.0,2.0,5600.0,5800.0,,1458800.0,1052200.0,,100800.0,3
TQFD,2023-03-10,БКС Миррес,RU000A102Q33,82.0,30930.75,15.4,15.19,15.8,15.33,15.37,15.2,2013.0,1167.02,1167.02,,2219668.15,2219668.15,,37165.61,3
TQPI,2023-03-10,СФНАрБиз7,RU000A1034U7,21.0,2329500.0,93500.0,92500.0,93500.0,93500.0,93000.0,93500.0,25.0,93000.0,93000.0,,2329500.0,2329500.0,,3765556.45,3
TQIF,2023-03-10,РенДохПРО,RU000A103B62,16.0,470487.0,869.0,869.0,873.5,872.0,871.5,872.0,540.0,,871.5,,0.0,572511.0,,1007983.98,3
TQFD,2023-03-10,БКСВостЗап,RU000A103EX2,26.0,2926.39,9.35,9.03,9.49,9.28,9.17,9.28,319.0,,697.77,,0.0,524719.39,,9749.14,3
TQFD,2023-03-10,БКСЦифрГал,RU000A103JE1,78.0,11357.03,10.09,9.38,10.1,9.51,9.58,9.38,1186.0,727.13,727.13,,845654.37,845654.37,,8666.88,3
TQFD,2023-03-10,БКСИнновац,RU000A1040F5,56.0,2089.51,7.6,7.19,7.75,7.41,7.38,7.4,283.0,,575.23,,0.0,524606.63,,3840.79,3
TQIF,2023-03-10,ПАРУС-СБЛ,RU000A104172,89.0,1991472.0,1145.0,1092.0,1145.0,1107.0,1115.0,1105.0,1786.0,1115.0,1115.0,,1991472.0,1991472.0,,1830692.87,3
TQIF,2023-03-10,ПАРУС-НОРД,RU000A104KU3,187.0,7921526.0,1000.0,999.0,1000.0,1000.0,1000.0,1000.0,7925.0,1000.0,1000.0,,7921526.0,7921526.0,,11006941.44,3
TQBR,2023-03-10,РУСАЛ ао,RUAL,9177.0,159669572.4,41.15,40.97,41.485,41.45,41.245,41.35,3871110.0,41.24,41.24,,132211364.45,132211364.45,,0.0,3
TQPI,2023-03-10,Русгрэйн,RUGR,4511.0,29595373.55,17.64,17.525,18.85,18.01,18.195,18.01,1626470.0,18.195,18.195,,29595373.55,29595373.55,,0.0,3
TQBR,2023-03-10,ИКРУСС-ИНВ,RUSI,95.0,446496.0,56.2,55.1,56.2,55.5,55.5,55.5,8050.0,,55.5,,0.0,502136.0,,0.0,3
TQBR,2023-03-10,РязЭнСб,RZSB,103.0,2132208.0,23.18,23.02,23.8,23.62,23.32,23.8,91400.0,23.32,23.32,,2132208.0,2132208.0,,0.0,3
TQBR,2023-03-10,СамарЭн-ао,SAGO,53.0,340838.0,1.426,1.412,1.44,1.422,1.426,1.422,239000.0,,1.428,,0.0,552900.0,,0.0,3
TQBR,2023-03-10,СамарЭн-ап,SAGOP,13.0,62054.0,1.372,1.37,1.39,1.372,1.378,1.37,45000.0,,1.376,,0.0,503594.0,,0.0,3
SMAL,2023-03-10,СаратЭн-ао,SARE,3.0,592.08,0.12,0.12,0.12,,0.127,0.12,4934.0,,,,0.0,0.0,,0.0,3
TQBR,2023-03-10,СаратЭн-ао,SARE,35.0,94020.0,0.1262,0.1262,0.128,0.127,0.127,0.1266,740000.0,,0.129,,0.0,500812.0,,0.0,3
TQBR,2023-03-10,СаратЭн-ап,SAREP,5.0,13840.0,0.126,0.1254,0.1262,0.1262,0.1258,0.1262,110000.0,,0.1252,,0.0,515880.0,,0.0,3
TQTF,2023-03-10,SBCN ETF,SBCN,895.0,3151900.19,10.87,10.86,10.957,10.939,10.897,10.95,289230.0,10.897,10.897,,3202901.61,3202901.61,,5700487.34,3
TQTY,2023-03-10,SBCN ETF,SBCN,16.0,4695.27,1.0,0.998,1.0,1.007,1.003,0.999,4700.0,10.897,10.897,,3202901.61,3202901.61,,524795.61,3
TQTF,2023-03-10,SBCS ETF,SBCS,359.0,884425.95,12.082,11.463,12.082,11.498,11.574,11.491,76416.0,11.574,11.574,,884425.95,884425.95,,633932.59,3
SMAL,2023-03-10,Сбербанк,SBER,38.0,17710.0,172.0,171.06,173.54,,171.87,172.99,103.0,,,,0.0,0.0,,0.0,3
TQBR,2023-03-10,Сбербанк,SBER,103332.0,8636905460.0,171.55,170.58,173.0,172.56,171.87,172.53,50256970.0,171.79,171.79,,7697226093.1,7697226093.1,,0.0,3
SMAL,2023-03-10,Сбербанк-п,SBERP,4.0,677.0,170.0,168.5,170.0,,170.98,168.5,4.0,,,,0.0,0.0,,0.0,3
TQBR,2023-03-10,Сбербанк-п,SBERP,17722.0,678129840.4,170.79,169.37,172.22,172.15,170.98,171.9,3966180.0,170.86,170.86,,594147965.6,594147965.6,,0.0,3
TQTF,2023-03-10,SBGB ETF,SBGB,854.0,10948664.85,12.344,12.285,12.344,12.338,12.267,12.327,887437.0,12.337,12.337,,10948664.85,10948664.85,,12291268.38,3
TQTF,2023-03-10,SBGD ETF,SBGD,1058.0,6579742.47,14.0,13.65,14.0,13.845,13.755,13.78,478333.0,13.755,13.755,,6579742.47,6579742.47,,5499346.83,3
TQTF,2023-03-10,SBHI ETF,SBHI,517.0,214273.74,6.002,6.002,6.1,6.068,6.066,6.076,35326.0,,6.082,,0.0,500982.01,,332492.67,3
TQTF,2023-03-10,SBMM ETF,SBMM,546.0,8958261.83,11.379,11.379,11.388,11.388,11.386,11.387,786726.0,11.387,11.387,,8958261.83,8958261.83,,17323570.26,3
TQTF,2023-03-10,SBMX ETF,SBMX,2661.0,31535046.16,12.625,12.41,12.65,12.496,12.466,12.497,2526460.0,12.482,12.482,,31535046.16,31535046.16,,38879837.23,3
TQTF,2023-03-10,SBRB ETF,SBRB,772.0,19577221.07,12.739,12.711,12.75,12.748,12.663,12.747,1535879.0,12.747,12.747,,19577221.07,19577221.07,,17110681.64,3
TQTF,2023-03-10,SBRI ETF,SBRI,313.0,649607.99,9.938,9.852,9.944,9.886,9.876,9.886,65777.0,9.876,9.876,,649607.99,649607.99,,448390.81,3
TQTF,2023-03-10,SCFT ETF,SCFT,80.0,8739.17,3.993,3.948,4.004,4.002,3.989,4.002,2191.0,,3.928,,0.0,500241.77,,18300.02,3
SMAL,2023-03-10,Селигдар,SELG,1.0,56.97,56.97,56.97,56.97,,48.52,56.97,1.0,,,,0.0,0.0,,0.0,3
TQBR,2023-03-10,Селигдар,SELG,3485.0,27109909.6,48.4,48.15,48.78,48.56,48.52,48.56,558720.0,48.52,48.52,,27109909.6,27109909.6,,0.0,3
TQBR,2023-03-10,ЭсЭфАй ао,SFIN,294.0,4823660.0,517.8,509.0,519.8,511.0,513.8,511.0,9390.0,513.8,513.8,,4823660.0,4823660.0,,0.0,3
TQBR,2023-03-10,iNVTQ-гдр,SFTL,1749.0,7015803.6,114.0,113.2,114.5,113.3,113.7,113.3,61696.0,113.7,113.7,,7015803.6,7015803.6,,0.0,3
SMAL,2023-03-10,Сегежа,SGZH,9.0,1161.83,5.185,4.914,5.596,,5.176,5.596,216.0,,,,0.0,0.0,,0.0,3
TQBR,2023-03-10,Сегежа,SGZH,7980.0,90539900.1,5.19,5.145,5.205,5.183,5.176,5.18,17492700.0,5.178,5.178,,76536300.1,76536300.1,,0.0,3
TQBR,2023-03-10,Газпрнефть,SIBN,12642.0,189581024.8,437.45,435.25,442.65,442.0,440.0,441.3,430845.0,439.9,439.9,,169573572.65,169573572.65,,0.0,3
TQBR,2023-03-10,Сахэнер ао,SLEN,160.0,1439975.5,3.485,3.455,3.54,3.52,3.505,3.54,411100.0,3.505,3.505,,1439975.5,1439975.5,,0.0,3
TQBR,2023-03-10,Самолет ао,SMLT,3907.0,86849356.0,2521.0,2507.5,2546.0,2536.5,2529.5,2535.5,34337.0,2529.0,2529.0,,80133743.5,80133743.5,,0.0,3
SMAL,2023-03-10,Сургнфгз,SNGS,12.0,4344.34,22.83,22.225,22.83,,22.335,22.83,193.0,,,,0.0,0.0,,0.0,3
TQBR,2023-03-10,Сургнфгз,SNGS,6341.0,261416063.5,22.345,22.22,22.4,22.35,22.335,22.3,11703400.0,22.34,22.34,,229567231.0,229567231.0,,0.0,3
SMAL,2023-03-10,Сургнфгз-п,SNGSP,15.0,2588.53,27.3,27.045,27.93,,27.67,27.915,94.0,,,,0.0,0.0,,0.0,3
TQBR,2023-03-10,Сургнфгз-п,SNGSP,4213.0,113537898.0,27.68,27.5,27.74,27.7,27.67,27.715,4103600.0,27.665,27.665,,102340013.0,102340013.0,,0.0,3
TQTF,2023-03-10,ETF SPBC,SPBC,4.0,4537.0,1136.0,1128.0,1137.0,1128.0,1134.0,1128.0,4.0,,1123.0,,0.0,1383768.0,,620236.87,3
TQBR,2023-03-10,СПБ Биржа,SPBE,8972.0,203326913.3,151.6,149.0,153.5,150.5,150.6,150.4,1350148.0,150.6,150.6,,184985864.8,184985864.8,,0.0,3
TQTF,2023-03-10,ETF SPBF,SPBF,5.0,5545.0,1112.0,1103.0,1112.0,1110.0,1109.0,1110.0,5.0,,1107.0,,0.0,506875.0,,281662.4,3
TQBR,2023-03-10,СтаврЭнСб,STSB,65.0,206940.0,0.975,0.968,1.0,0.986,0.985,0.985,210000.0,,0.984,,0.0,500954.0,,0.0,3
TQBR,2023-03-10,СтаврЭнСбп,STSBP,86.0,287884.5,1.0575,1.0395,1.0605,1.0515,1.0545,1.0515,273000.0,,1.056,,0.0,512187.0,,0.0,3
TQTF,2023-03-10,SUGB ETF,SUGB,3603.0,21933523.0,1097.0,1097.0,1098.0,1098.0,1098.0,1098.0,19976.0,1098.0,1098.0,,21933523.0,21933523.0,,9080080.6,3
TQBR,2023-03-10,СОЛЛЕРС,SVAV,261.0,2037875.0,228.5,225.5,228.5,227.5,227.0,227.5,8970.0,227.0,227.0,,2037875.0,2037875.0,,0.0,3
TQBR,2023-03-10,Светофор,SVET,1939.0,10864456.4,26.2,26.1,27.4,26.4,26.7,26.4,407229.0,26.7,26.7,,10864456.4,10864456.4,,0.0,3
TQBR,2023-03-10,ТамбЭнСб,TASB,44.0,134543.0,0.535,0.523,0.5365,0.5315,0.532,0.5315,253000.0,,0.532,,0.0,500029.5,,0.0,3
TQBR,2023-03-10,ТамбЭнСб-п,TASBP,15.0,77440.0,0.436,0.4235,0.436,0.429,0.43,0.4295,180000.0,,0.4285,,0.0,501545.0,,0.0,3
TQBR,2023-03-10,Татнфт 3ао,TATN,21107.0,580893453.6,333.9,331.3,335.2,335.0,333.3,333.3,1742767.0,333.3,333.3,,517732074.3,517732074.3,,0.0,3
TQBR,2023-03-10,Татнфт 3ап,TATNP,9009.0,97869155.6,335.2,332.6,335.9,333.0,333.8,333.9,293305.0,333.7,333.7,,88607945.0,88607945.0,,0.0,3
TQTF,2023-03-10,TBRU ETF,TBRU,22729.0,31969030.48,5.318,5.315,5.328,5.317,5.319,5.32,6009982.0,5.319,5.319,,26650984.08,26650984.08,,43389460.27,3
TQBR,2023-03-10,TCS-гдр,TCSG,10503.0,275080719.0,2528.0,2502.0,2530.0,2518.5,2514.5,2523.0,109391.0,2514.0,2514.0,,248173676.5,248173676.5,,0.0,3
SMAL,2023-03-10,ТГК-1,TGKA,22.0,17.53,0.008546,0.008546,0.00865,,0.008242,0.00865,2037.0,,,,0.0,0.0,,0.0,3
TQBR,2023-03-10,ТГК-1,TGKA,2358.0,34236168.8,0.008242,0.008162,0.008298,0.008232,0.008242,0.008232,4154100000.0,0.008242,0.008242,,34236168.8,34236168.8,,0.0,3
SMAL,2023-03-10,ТГК-2,TGKB,1.0,4.99,0.004985,0.004985,0.004985,,0.004605,0.004985,1000.0,,,,0.0,0.0,,0.0,3
TQBR,2023-03-10,ТГК-2,TGKB,455.0,6814495.0,0.004665,0.00456,0.00469,0.00459,0.004605,0.00459,1480000000.0,0.004605,0.004605,,6814495.0,6814495.0,,0.0,3
TQBR,2023-03-10,ТГК-2 ап,TGKBP,530.0,4891967.0,0.01177,0.0116,0.01183,0.01163,0.01166,0.01163,419400000.0,0.01166,0.01166,,4891967.0,4891967.0,,0.0,3
SMAL,2023-03-10,ТГК-14,TGKN,4.0,18.23,0.00359,0.00358,0.0037,,0.00373,0.00358,5075.0,,,,0.0,0.0,,0.0,3
TQBR,2023-03-10,ТГК-14,TGKN,1721.0,30823650.0,0.00358,0.00358,0.00388,0.00366,0.00373,0.00366,8257000000.0,0.00373,0.00373,,30823650.0,30823650.0,,0.0,3
TQTF,2023-03-10,TMOS ETF,TMOS,33842.0,101665544.03,4.376,4.348,4.376,4.358,4.364,4.35,23297737.0,4.364,4.364,,90234149.9,90234149.9,,103959922.9,3
TQBR,2023-03-10,ТНСэнрг ао,TNSE,21.0,151555.0,710.0,710.0,720.0,720.0,720.0,720.0,211.0,,715.0,,0.0,500050.0,,0.0,3
TQBR,2023-03-10,ТРК ао,TORS,20.0,98660.0,0.324,0.324,0.333,0.33,0.329,0.33,300000.0,,0.328,,0.0,538440.0,,0.0,3
TQBR,2023-03-10,ТРК ап,TORSP,40.0,241025.0,0.271,0.269,0.277,0.273,0.274,0.273,880000.0,,0.272,,0.0,532810.0,,0.0,3
SMAL,2023-03-10,ТМК ао,TRMK,1.0,104.88,104.88,104.88,104.88,,90.88,104.88,1.0,,,,0.0,0.0,,0.0,3
TQBR,2023-03-10,ТМК ао,TRMK,3988.0,53081695.4,91.6,90.06,91.6,90.64,90.88,90.64,584030.0,90.88,90.88,,53081695.4,53081695.4,,0.0,3
TQBR,2023-03-10,Транснф ап,TRNFP,473.0,74959300.0,92150.0,91700.0,92400.0,92250.0,92100.0,92100.0,814.0,92100.0,92100.0,,65110300.0,65110300.0,,0.0,3
TQTF,2023-03-10,TRUR ETF,TRUR,766396.0,536654307.85,6.1,6.09,6.12,6.11,6.1,6.11,87966302.0,6.1,6.1,,536654307.85,536654307.85,,475712048.44,3
SMAL,2023-03-10,Таттел. ао,TTLK,1.0,2.54,0.845,0.845,0.845,,0.674,0.845,3.0,,,,0.0,0.0,,0.0,3
TQBR,2023-03-10,Таттел. ао,TTLK,3072.0,32657377.0,0.6785,0.6645,0.6815,0.671,0.674,0.671,48468000.0,0.674,0.674,,32657377.0,32657377.0,,0.0,3
TQBR,2023-03-10,ТЗА ао,TUZA,69.0,406795.0,156.5,155.5,158.0,157.0,156.5,157.0,2600.0,,156.5,,0.0,507385.0,,0.0,3
TQBR,2023-03-10,ОКС ао,UCSS,21.0,44820.0,930.0,925.0,940.0,940.0,935.0,940.0,48.0,,930.0,,0.0,500350.0,,0.0,3
TQBR,2023-03-10,ЮжКузб. ао,UKUZ,458.0,2454796.0,1462.0,1444.0,1498.0,1468.0,1466.0,1468.0,1675.0,1466.0,1466.0,,2454796.0,2454796.0,,0.0,3
TQBR,2023-03-10,iАвиастКао,UNAC,1232.0,8524629.0,0.7095,0.696,0.7095,0.701,0.7025,0.701,12136000.0,0.7025,0.7025,,8524629.0,8524629.0,,0.0,3
TQBR,2023-03-10,ЮУНК ао,UNKL,1313.0,27568510.0,10010.0,9950.0,10450.0,10050.0,10190.0,10050.0,2705.0,10190.0,10190.0,,27568510.0,27568510.0,,0.0,3
SMAL,2023-03-10,Юнипро ао,UPRO,9.0,311.54,1.689,1.689,1.704,,1.679,1.698,183.0,,,,0.0,0.0,,0.0,3
TQBR,2023-03-10,Юнипро ао,UPRO,2716.0,71699709.0,1.679,1.67,1.687,1.68,1.679,1.68,42693000.0,1.68,1.68,,61028886.0,61028886.0,,0.0,3
TQBR,2023-03-10,УрКузница,URKZ,11.0,211150.0,19450.0,19100.0,19450.0,19150.0,19200.0,19150.0,11.0,,19250.0,,0.0,500300.0,,0.0,3
TQBR,2023-03-10,УралСиб ао,USBN,526.0,5315612.0,0.0851,0.0851,0.0907,0.0894,0.0891,0.0894,59650000.0,0.0891,0.0891,,5315612.0,5315612.0,,0.0,3
SMAL,2023-03-10,ЮТэйр ао,UTAR,1.0,238.39,7.69,7.69,7.69,,8.07,7.69,31.0,,,,0.0,0.0,,0.0,3
TQBR,2023-03-10,ЮТэйр ао,UTAR,40.0,192093.0,8.1,8.01,8.14,8.07,8.07,8.07,23800.0,,8.11,,0.0,502954.0,,0.0,3
TQPI,2023-03-10,ОВК ао,UWGN,2229.0,27400537.0,107.1,104.5,107.1,105.0,105.5,105.0,259751.0,105.5,105.5,,27400537.0,27400537.0,,0.0,3
TQBR,2023-03-10,VEON,VEON-RX,218.0,1816742.0,38.35,37.5,38.8,38.0,38.15,38.0,47610.0,38.15,38.15,,1816742.0,1816742.0,,0.0,3
TQBR,2023-03-10,ВолгЭнСб,VGSB,9.0,51425.0,4.27,4.25,4.375,4.305,4.285,4.305,12000.0,4.265,4.275,,674140.0,534640.0,,0.0,3
TQBR,2023-03-10,ВолгЭнСб-п,VGSBP,25.0,161905.0,2.7,2.625,2.7,2.68,2.655,2.68,61000.0,,2.675,,0.0,500545.0,,0.0,3
TQBR,2023-03-10,Варьеган,VJGZ,80.0,515427.0,1917.0,1895.0,1917.0,1896.0,1902.0,1905.0,271.0,1902.0,1902.0,,515427.0,515427.0,,0.0,3
TQBR,2023-03-10,Варьеган-п,VJGZP,277.0,974443.0,742.0,724.0,745.0,734.0,731.0,734.0,1333.0,731.0,731.0,,974443.0,974443.0,,0.0,3
TQBR,2023-03-10,VK-гдр,VKCO,5804.0,152256735.4,486.0,481.8,487.8,485.8,485.4,485.6,313732.0,485.4,485.4,,133416290.2,133416290.2,,0.0,3
TQBR,2023-03-10,ВХЗ-ао,VLHZ,1364.0,9929160.5,108.6,106.05,119.4,109.0,111.8,109.0,88810.0,111.8,111.8,,9929160.5,9929160.5,,0.0,3
TQBR,2023-03-10,ТНСэнВорон,VRSB,1809.0,21641630.0,292.2,281.8,302.2,290.2,292.2,290.2,74060.0,292.2,292.2,,21641630.0,21641630.0,,0.0,3
TQBR,2023-03-10,ТНСэнВор-п,VRSBP,179.0,1372456.0,81.6,79.0,82.4,81.2,80.6,81.4,17010.0,80.6,80.6,,1372456.0,1372456.0,,0.0,3
TQBR,2023-03-10,ВСМПО-АВСМ,VSMO,142.0,10167300.0,47560.0,47400.0,47740.0,47440.0,47520.0,47440.0,214.0,47520.0,47520.0,,10167300.0,10167300.0,,0.0,3
TQBR,2023-03-10,ВыбСудЗ ао,VSYD,27.0,277440.0,6635.0,6545.0,6665.0,6645.0,6605.0,6645.0,42.0,,6615.0,,0.0,502570.0,,0.0,3
TQBR,2023-03-10,ВыбСудЗ ап,VSYDP,20.0,193520.0,6520.0,6400.0,6560.0,6420.0,6460.0,6420.0,30.0,,6480.0,,0.0,511300.0,,0.0,3
SMAL,2023-03-10,ВТБ ао,VTBR,41.0,300.6,0.0165,0.016325,0.0169,,0.01654,0.016835,18196.0,,,,0.0,0.0,,0.0,3
TQBR,2023-03-10,ВТБ ао,VTBR,33636.0,547905610.8,0.016625,0.016405,0.01663,0.016585,0.01654,0.01649,33128700000.0,0.01655,0.01655,,439489697.2,439489697.2,,0.0,3
TQBR,2023-03-10,ЦМТ ао,WTCM,311.0,1047344.0,9.2,8.94,9.98,9.44,9.5,9.44,110200.0,9.5,9.5,,1047344.0,1047344.0,,0.0,3
TQBR,2023-03-10,ЦМТ ап,WTCMP,213.0,735918.0,8.14,7.98,8.2,8.16,8.12,8.16,90700.0,8.12,8.12,,735918.0,735918.0,,0.0,3
TQBR,2023-03-10,iВУШХолднг,WUSH,22420.0,188819030.28,190.0,190.0,203.0,197.5,199.35,197.5,947160.0,199.35,199.35,,188819030.28,188819030.28,,0.0,3
TQBR,2023-03-10,ЯТЭК ао,YAKG,912.0,7330929.5,120.5,119.7,122.2,120.0,120.6,120.0,60790.0,120.6,120.6,,7330929.5,7330929.5,,0.0,3
SMAL,2023-03-10,Якутскэнрг,YKEN,16.0,1309.75,0.2285,0.2285,0.2895,,0.298,0.2895,5317.0,,,,0.0,0.0,,0.0,3
TQBR,2023-03-10,Якутскэнрг,YKEN,53.0,872875.0,0.2985,0.296,0.301,0.2975,0.298,0.2975,2930000.0,0.298,0.298,,872875.0,872875.0,,0.0,3
TQBR,2023-03-10,Якутскэн-п,YKENP,21.0,104920.0,0.297,0.2965,0.3035,0.299,0.3,0.299,350000.0,,0.2975,,0.0,503055.0,,0.0,3
TQBR,2023-03-10,Yandex clA,YNDX,31216.0,925487244.2,1933.8,1911.0,1940.0,1920.8,1923.8,1917.0,481031.0,1924.4,1924.4,,845990578.2,845990578.2,,0.0,3
TQBR,2023-03-10,ТНСэнЯр,YRSB,3.0,8560.0,214.0,214.0,214.0,214.0,214.0,214.0,40.0,,216.0,,0.0,503800.0,,0.0,3
TQBR,2023-03-10,ТНСэнЯр-п,YRSBP,51.0,276250.0,95.5,93.0,96.0,94.0,94.5,94.0,2930.0,,94.0,,0.0,504805.0,,0.0,3
TQBR,2023-03-10,ЗИЛ ао,ZILL,91.0,633285.0,2745.0,2745.0,2800.0,2790.0,2780.0,2790.0,228.0,2780.0,2780.0,,633285.0,633285.0,,0.0,3
SMAL,2023-03-10,ЗВЕЗДА ао,ZVEZ,4.0,1866.61,5.3,5.3,5.305,,5.54,5.305,352.0,,,,0.0,0.0,,0.0,3
TQBR,2023-03-10,ЗВЕЗДА ао,ZVEZ,698.0,9143310.0,5.365,5.3,5.7,5.495,5.54,5.495,1650000.0,5.54,5.54,,9143310.0,9143310.0,,0.0,3
